,Column1,word,lema,animacy,gender,finale,n_syll,preposition,context
0,0,автобусе,автобус,inan,masc,с,3,на,"Был , у сына был , но он гов . . . вот , душа не . . . он говорит : не нужна мне машина , я , говорит , лучше на автобусе"
1,1,классе,класс,inan,masc,с,1,в,"Да ну в пятый класс ходила , а уж он в пятом классе был , немецкий - то"
2,2,зале,зал,inan,masc,л,1,в,"Ну и он , ну , это , один в зале , а другой в этом"
3,3,автобусе,автобус,inan,masc,с,3,на,"А тебе до Хлевного , то на хлевенском , на хлевенском надо автобусе , а это вот он липецкий не заходит в Хлевное"
4,4,автобусе,автобус,inan,masc,с,3,на,"А вечером оттэда тогда , какие работают , они все тоже на этом автобусе приезжают домой"
5,5,магазине,магазин,inan,masc,н,3,в,"Но ! Да полотно вот , и в магазине берешь , сколько полотна , говорит , набрала"
6,6,базаре,базар,inan,masc,р,2,на,Потом ещё раз в Москве картошки продавали на каком - то базаре
7,7,рынке,рынок,inan,masc,к,2,на,На Черкизовском рынке
8,8,станке,станок,inan,masc,к,2,на,Выткут на станке - а на реку замачивать эти холсты
9,10,конце,конец,inan,masc,ц,2,на,"Один ворох на одном конце , а другой ворох на втором"
10,11,классе,класс,inan,masc,с,1,в,в третьем классе . .
11,12,языке,язык,inan,masc,к,2,в,Да нет такого слова в русском языке
12,13,конце,конец,inan,masc,ц,2,в,"Базар вон где , в конце этого . . . района , а автостанция"
13,14,огороде,огород,inan,masc,д,3,на,"Нет , на огороде у нас нет , весенки есть , вон там на меже , весенки"
14,15,огороде,огород,inan,masc,д,3,на,"Нет , не лежит , она что - то там делала на огороде"
15,16,огороде,огород,inan,masc,д,3,на,"Ну , вот чего сейчас делать на огороде"
16,17,селе,село,inan,neut,л,1,в,"Ещё в каком - то селе уже , все повырыли"
17,18,Коне,конь,inan,masc,н',1,в,"Из Легощины , в Коне живут , в Коне . . . да , из Легощинских"
18,19,Коне,конь,inan,masc,н',1,в,"Из Легощины , в Коне живут , в Коне . . . да , из Легощинских"
19,20,погребе,погреб,inan,masc,б,2,в,"Там вот в погребе жара , как зайдёшь , так вообще невозможно , < нрзб . >"
20,21,клубе,клуб,inan,masc,б,1,в,И сейчас она работает там в клубе
21,22,классе,класс,inan,masc,с,1,в,"А это было , наверное . . . в третьем классе"
22,23,колхозе,колхоз,inan,masc,з,2,в,И так в колхозе остались и остались
23,24,курсе,курс,inan,masc,с,1,на,"Это уж после , на третьем курсе дали , а так на квартире жил"
24,25,техникуме,техникум,inan,masc,м,3,в,"Это назначили в Конь - Колодезь , этим , ну , в этом , в техникуме , фельдшером"
25,26,Коне,конь,inan,masc,н',1,в,"И там в Коне женился , жена учительницей была"
26,27,огороде,огород,inan,masc,д,3,на,А вон мы на огороде - граблями
27,28,магазине,магазин,inan,masc,н,3,в,"Двенадцать . . . ох , чё - йто в магазине , бывало , покупаешь - надо дюжину взять"
28,29,ведре,ведро,inan,neut,р,1,в,"Да вон ведро , в ведре вон"
29,30,заборе,забор,inan,masc,р,2,на,"Он на котёнка глядит , он на заборе сидит"
30,31,городе,город,inan,masc,д,2,в,А где ж кошки должны лежать ? А в городе они вообще везде лежат
31,32,городе,город,inan,masc,д,2,в,"Не знаю , в городе кошек купают , они там в чистоте"
32,33,доме,дом,inan,masc,м,1,в,"Ой , да сколько передач , этих кошек имеют по тридцать собак имеют в доме , люди жалобы пишут"
33,34,амбаре,амбар,inan,masc,р,2,в,"У нас э . . . была . Потом у дяди Митькиных ребят ночевали , и так она там висела в этом . . . в амбаре , и сопрела"
34,35,амбаре,амбар,inan,masc,р,2,в,В амбаре небось
35,36,сарафанчике,сарафанчик,inan,masc,к,4,в,"ополоскнусь , в сарафан одену , и вот хожу в этом в сарафанчике , всё ж таки хоть этого , тело , а это тёмное"
36,37,совхозе,совхоз,inan,masc,з,2,в,"И вот работал на таких , тут он хоть в совхозе , кладовщиком был . . . потом . ."
37,39,городе,город,inan,masc,д,2,в,"Все в городе , никто не остался , одна я осталась"
38,40,сне,сон,inan,masc,н,1,во,"И вот анады , когда - ть ее я вижу во сне"
39,41,сне,сон,inan,masc,н,1,во,Во сне - то вроде
40,42,городе,город,inan,masc,д,2,в,"Где , эта дочь приедет тут , пригласят , кто - йто там им прополет и все сделает . Она не делала . Будет она тут - в городе . Из города поедет тут"
41,45,числе,число,inan,neut,л,1,в,"Годовой праздник , первый день седьмого , восьмого , девятого , а если попанет воскресенье , оно всегда в числе"
42,46,месяце,месяц,inan,masc,ц,2,в,"А в месяце , а эти числа - то , на месте , а переходят они"
43,47,месте,место,inan,neut,т,1,на,"А в месяце , а эти числа - то , на месте , а переходят они"
44,48,медпункте,медпункт,inan,masc,т,2,в,"А другая , когда еще я родила , она работала в медпункте , где вот сейчас сельсовет , там медпункт там сзади был"
45,49,диване,диван,inan,masc,н,2,на,"Эн да побранятся , тут сидят на диване , эт ( от ) ходит и эт ( а ) ходит"
46,50,масле,масло,inan,neut,л,1,на,"Сейчас - то видишь вон - я давеча - ка читала , не читала , а глядела , как хлеб нажарят дать , чесноком намажут , на масле его нажарят , да чесноком намажут , да ещё чем - то польют , ещё мэнээсом ай чем - то там ещё"
47,51,масле,масло,inan,neut,л,1,на,"Они вкусней не на масле , а вот - свежий жир , к . . . ну , поросёнок , зарежешь , и на свежем жиру они вкусней ещё"
48,52,городе,город,inan,masc,д,2,в,"Это в городе не пойдешь , а тут - то"
49,53,доме,дом,inan,masc,м,1,в,"И просу сеяли в каждом доме , и . . . и толкли в ступе , и пшено - то делать , сейчас пшено - то возят , а тоды - то пшено - то сами обталкивали"
50,55,совхозе,совхоз,inan,masc,з,2,в,"Ну всякие приправы - то бы . . . , ну а это вот мак , это я прям - в совхозе"
51,56,прилавке,прилавок,inan,masc,к,3,на,"Свой есть - сиди на нём , на своём прилавке"
52,57,конике,коник,inan,masc,к,2,на,"На полу там , на конике , где стелят этот войлок"
53,58,магазине,магазин,inan,masc,н,3,в,Да . Тогда не было . Это вот в магазине их сейчас продают
54,59,выезде,выезд,inan,masc,д,2,на,"У него у среднего , Сере . . . у Сережки - вот Мечёк Большой , тут прям , на выезде дом . Дача у него там"
55,60,лагере,лагер,inan,masc,р,2,в,"Она в лагере отбыла , а у нее другая девочка , вот она , эта приехала - она энту проводила . На второй поток она энту проводила"
56,61,столе,стол,inan,masc,л,1,на,"Я встала , пошла , встала , глянула - на столе батон лежит"
57,62,совхозе,совхоз,inan,masc,з,2,в,"Прям сахар , ну вот свёкла , свёкла , сахарная , аж бывало , у нас в совхозе чистишь , ну в колхозе , попанется прям аж кремовая есть"
58,63,колхозе,колхоз,inan,masc,з,2,в,"Прям сахар , ну вот свёкла , свёкла , сахарная , аж бывало , у нас в совхозе чистишь , ну в колхозе , попанется прям аж кремовая есть"
59,64,выщенике,выщеник,inan,masc,к,3,в,"А это , у Клашки тогда в выщенике"
60,65,выщенике,выщеник,inan,masc,к,3,в,"Они в выщенике - выщеник , а тут поляна была"
61,67,бугре,бугор,inan,masc,р,2,на,"Днём разыграется , вроде жарко , корову когда , это , стерегли - то бывалочи - ка на бугре"
62,68,стенде,стенд,inan,masc,д,1,на,"Это фотография передовиков , висела на этом , на стенде"
63,69,селе,село,inan,neut,л,1,в,"А у нас , говорит , в селе дурачок был - Володя"
64,70,селе,село,inan,neut,л,1,в,"Тоже хороший человек ! Я говорю , как ? У нас , говорит , дурачок был , говорит , в селе ! "" Ха - ха - ха ! Не стал называть"
65,71,селе,село,inan,neut,л,1,в,"У нас , вот , Игорей не было , вот Игорь , чтобы звали у нас в селе Игорь"
66,72,помине,помин,inan,masc,н,2,в,"Смеюсь - у нас сейчас Кузьмой даже и в помине никого не называют , все старые имена . Называют : Максимка , Дениска там"
67,73,возрасте,возраст,inan,masc,т,2,в,"Потом это : Степан . У нас таких вот , не было вот раньше вот , как в моем возрасте . Степан - никого , а сейчас Степанов много"
68,74,доме,дом,inan,masc,м,1,в,"Ну , может , она в моём доме никому не должна достаться , эта денежка"
69,75,доме,дом,inan,masc,м,1,в,Никто человек в доме счастливого в этом году не будет
70,76,доме,дом,inan,masc,м,1,в,Вот в этом доме
71,77,численнике,численник,inan,masc,к,3,в,"А родительский день - ну , как - то он у нас в этой , в численнике у нас там написан"
72,78,селе,село,inan,neut,л,1,в,"Это в каком - то где - йто ещё , в каждом селе"
73,79,дворе,двор,inan,masc,р,1,на,"Одна от . . . открыла дверь , была картошка на дворе"
74,82,деле,дело,inan,neut,л,1,на,"И он , наверное , на самом деле принадлежал это , барину какому - нибудь"
75,83,селе,село,inan,neut,л,1,на,"Это если в Журавлевке , вот , внизу , например они там , на низу , на селе , значит - здесь где - то , где - то высоко здесь"
76,84,селе,село,inan,neut,л,1,на,Вот сейчас мы живем на селе
77,85,бугре,бугор,inan,masc,р,2,на,"И у них огороды были . На , на этом бугре"
78,86,доме,дом,inan,masc,м,1,в,"Дом . Вот как вы с горы стали спускаться , и дом - это я в этом доме жила"
79,87,совхозе,совхоз,inan,masc,з,2,в,"Лошади - то они в совхозе то ли были , да"
80,88,совхозе,совхоз,inan,masc,з,2,в,"Да . Лошади только в совхозе были . А когда весной - они , лошади , все в поле"
81,89,поле,поле,inan,neut,л',1,в,"Да . Лошади только в совхозе были . А когда весной - они , лошади , все в поле"
82,90,месте,место,inan,neut,т,1,на,"Вот , а так как этот дом там на этом месте был еще , в архиве сохранились , что хозяин какие - то . ."
83,91,архиве,архив,inan,masc,в,2,в,"Вот , а так как этот дом там на этом месте был еще , в архиве сохранились , что хозяин какие - то . ."
84,92,селе,село,inan,neut,л,1,в,То есть в каждом в своём селе . . . А у вас чем
85,93,Ельце,елец,inan,masc,ц,2,в,В Ельце вот это макраме
86,94,огороде,огород,inan,masc,д,3,на,"И а где , он где - нибудь в траве лежит , может на огороде , а может где , хрен его знает . Они вон и по палисадникам лазают"
87,95,корыте,корыто,inan,neut,т,2,в,"Видно , летом - на реку , а зимой - в корыте дома"
88,96,совхозе,совхоз,inan,masc,з,2,в,Короб ? Вот я в совхозе работала . .
89,97,совхозе,совхоз,inan,masc,з,2,в,"Да деревянный , да специально в совхозе там или колхозе сделают и меряют"
90,98,колхозе,колхоз,inan,masc,з,2,в,"Да деревянный , да специально в совхозе там или колхозе сделают и меряют"
91,99,звене,звено,inan,neut,н,1,в,"В одном звене там десять , девять человек , по восемь человек бывает в звеньях"
92,100,звене,звено,inan,neut,н,1,в,"Кучек начистишь в звене , и вот так поперемеряют"
93,101,колхозе,колхоз,inan,masc,з,2,в,"Да они были в колхозе . Да там приблизительно пойдут , выроют , там , сколько соток . От соток"
94,102,пуде,пуд,inan,masc,д,1,в,"Ну а в пуде - да , в пуде шестнадцать килограмм"
95,103,пуде,пуд,inan,masc,д,1,в,"Ну а в пуде - да , в пуде шестнадцать килограмм"
96,104,центнере,центнер,inan,masc,р,2,в,Десять центнеров . В центнере - сто килограмм ! Ты поняла ?
97,105,огороде,огород,inan,masc,д,3,на,"И всё сами . Не нуждались , конопи на огороде сеяли , лён - на огороде . Все мяли , толкли в ступе . И пряли"
98,106,огороде,огород,inan,masc,д,3,на,"И всё сами . Не нуждались , конопи на огороде сеяли , лён - на огороде . Все мяли , толкли в ступе . И пряли"
99,107,огороде,огород,inan,masc,д,3,на,"Тогда бывалочи - ка никакой хлеб никто никому не давал , а на огороде просо посеют , ржи посеют"
100,108,поле,поле,inan,neut,л',1,в,Мало . А давали тогда еще в поле
101,109,поле,поле,inan,neut,л',1,в,"Намеряли , там , кому сколько , я вот не знаю , в поле какая : поровну отмеряли всем , я не знаю вот"
102,110,выгоне,выгон,inan,masc,н,2,на,"нет , энтот был - Речной , вот там , на выгоне , был такой Жук - Полевой"
103,111,гитанчике,гитанчик,inan,masc,к,3,на,"Нет . Это вот . . . Это на гитанчике , она там на жилочке , я насажала , ниточке"
104,112,парнике,парник,inan,masc,к,2,в,"Это где растут , в парнике"
105,113,магазине,магазин,inan,masc,н,3,в,"Это вот продавают вон в магазине , эти , вот , конверты , вот такие - то , и там написано , там такие - то огурцы , такие - то огурцы , такие - то"
106,115,заводе,завод,inan,masc,д,2,в,"а этот вот уж теперь трёх , и сыну уж теперь - в заводе работает , и сыну теперь квартиру , что он"
107,116,бугре,бугор,inan,masc,р,2,на,"А это вот - на бугре , где вчера мы были , где стол тут , это вот мы сидели тут , это , проводила я сына"
108,117,бугре,бугор,inan,masc,р,2,на,"А после тут собрались мы , на бугре"
109,118,бугре,бугор,inan,masc,р,2,на,"Вот , вот , два дома , я же вам говорила , на бугре"
110,119,бугре,бугор,inan,masc,р,2,на,Был построен . На этом бугре
111,120,месяце,месяц,inan,masc,ц,2,в,"Это в мае месяце . Гуляли , да"
112,121,медпункте,медпункт,inan,masc,т,2,в,А эта в этой - в медпункте работала
113,122,телефоне,телефон,inan,masc,н,3,на,"Да , понимает , у нее вот дочь с Липица на это , на телефоне звонит , и она , ей там , называет"
114,123,поле,поле,inan,neut,л',1,в,"В поле , в земле"
115,124,поле,поле,inan,neut,л',1,в,всё там в поле
116,125,детстве,детство,inan,neut,в,1,в,"В детстве , о , вкусная , ты что , благодать так"
117,126,городе,город,inan,masc,д,2,в,"Вот так , это было в деревне так , а в городе там конечно соответственно"
118,127,тракторе,трактор,inan,masc,р,2,на,"И он на тракторе , муж , это вот мы когда сидели на лавочке , на это , на порожке"
119,128,порожке,порожек,inan,masc,к,3,на,"И он на тракторе , муж , это вот мы когда сидели на лавочке , на это , на порожке"
120,129,райкоме,райком,inan,masc,м,2,в,"У нее сын в этом , там в райкоме работает"
121,130,бугре,бугор,inan,masc,р,2,на,"У нас на бугре Малинино , а там в этой , в лощине , отсюда ее не увидишь"
122,131,тракторе,трактор,inan,masc,р,2,на,"Вот на тракторе - то это , это ж я считаю молодёжь"
123,132,Мечке,мечек,inan,masc,к,1,на,"Большой , на Большом Мечке осталось восемь дворов"
124,133,транспорте,транспорт,inan,masc,т,2,на,"Всё ж таки это не у всех транспорт , это на транспорте ездить"
125,134,автобусе,автобус,inan,masc,с,3,на,"Да ездит у нас на автобусе , одна тут"
126,135,июне,июнь,inan,masc,н',2,в,"Да . . . Ну сейчас уже да - июль , уже август вот он . А если в июне вот , начало июля - их там , оводов этих , нечисть эта . ."
127,136,кране,кран,inan,masc,н,1,в,"Там нету , в этом , в кране , одна холодная , а тут . ."
128,137,Вербилове,вербилово,inan,neut,в,3,в,"И девять дней . . . там церковь в Вербилове , она говорит , поеду туда к этой , к снохе . ."
129,138,сентябре,сентябрь,inan,masc,р',2,в,"Получила пенсию , а поздно , осенью - то , уж в сентябре - то , день - то меньше"
130,139,диване,диван,inan,masc,н,2,на,"Вот тут я , там вон у меня какой - то диван , я на диване ( лежу )"
131,140,доме,дом,inan,masc,м,1,в,"в Дмитряшевке был , в Дмитряшевке , эвакуированные у нас были , в каждом доме эвакуированные . Были в войну"
132,141,дворе,двор,inan,masc,р,1,на,"Три человека убили , да на дворе две коровы , тоже во двор попало , и может как осколочное , наверно"
133,142,Ельце,елец,inan,masc,ц,2,в,"А вот в Ельце , это вон Елец Липецкой области он тоже город , это был он уже в городе"
134,143,городе,город,inan,masc,д,2,в,"А вот в Ельце , это вон Елец Липецкой области он тоже город , это был он уже в городе"
135,144,селе,село,inan,neut,л,1,в,"Тут , в селе - то"
136,145,базаре,базар,inan,masc,р,2,на,Да тут и в Хлевном на базаре тоже много
137,146,стуле,стул,inan,masc,л,1,на,"Маруся эта на этом Гавриловна , на стуле"
138,147,мешке,мешок,inan,masc,к,2,в,Да . Сколько в мешке
139,148,асфальте,асфальт,inan,masc,т,2,на,"Ну они что же - тут торгуют ? Они на центральном . На центральной дороге , на асфальте - там торгуют - то . А тут - то . ."
140,149,поле,поле,inan,neut,л',1,в,а второй вон там в поле
141,150,поле,поле,inan,neut,л',1,в,"И этот вот какой в поле , ее обманул"
142,152,порядке,порядок,inan,masc,к,3,на,"Тут видишь , и дрова , и сено , всё близко , и вода , а там воды на одиннадцатом порядке , не хватает воды"
143,153,Выгоне,выгон,inan,masc,н,2,на,"И у . . . у жениховой сестры , у жениха там есть сестра , он там живет на Выгоне , а живет в Липице , и звать Нюрка"
144,154,диване,диван,inan,masc,н,2,на,"А ну и вот они : сами на диване сидят , и они около дивана , уж ходить начали"
145,155,наряде,наряд,inan,masc,д,2,в,"И в старом наряде пошли домой , в лохмотьях"
146,156,конце,конец,inan,masc,ц,2,в,"Вот в конце вот этих домов , огородом , и там в конце"
147,157,конце,конец,inan,masc,ц,2,в,"Вот в конце вот этих домов , огородом , и там в конце"
148,158,ведре,ведро,inan,neut,р,1,в,"А это вар - он просто один бывает , в ведре , растопят его"
149,159,месте,место,inan,neut,т,1,на,"Эти на этом ровном месте вот такие , это"
150,160,городе,город,inan,masc,д,2,в,Там вот сейчас дом купить - как в городе
151,161,пороге,порог,inan,masc,г,2,на,"Она вон , на пороге какие сидели , ей восемьдесят три года"
152,162,огороде,огород,inan,masc,д,3,на,"Вот так , у нас вон у Настёнки валяются на огороде"
153,163,магазине,магазин,inan,masc,н,3,в,А у нас в магазине я с цветами покупала корчажку
154,164,вышнике,вышник,inan,masc,к,2,в,И у Настёнки в вышнике < вишневый сад > валяются
155,165,бревне,бревно,inan,neut,н,1,на,На бревне
156,166,бревне,бревно,inan,neut,н,1,на,"На , вот сидят на бревне"
157,167,чёлноке,чёлнок,inan,masc,к,2,в,"В чёлноке , на чёлнок наматывали эти нитки , и вот его протыкали , этой бёрдой прижмут , потом опять"
158,168,потолке,потолок,inan,masc,к,3,на,"Половики . И посейчас у меня новые висят , не стелили ни разу . Вот на потолке"
159,169,отпуске,отпуск,inan,masc,к,2,в,"Вот и обои привезет и , Катя в отпуске будет , и сама же"
160,170,доме,дом,inan,masc,м,1,в,"А что - то , Шурк , в Надёнкином доме окна - то не . . . не . . . не . . . Александра Ивановича"
161,171,Коне,конь,inan,masc,н',1,в,"Ну , как вот , Даша - то училась , в этом , в Коне"
162,172,огороде,огород,inan,masc,д,3,на,пошла капусту полила - всё там сохнет на огороде . Ничего не р . .
163,173,доме,дом,inan,masc,м,1,в,"Не я - она сама . Она , вода - в доме у нас . Вон , на кухне . Угу"
164,174,клубе,клуб,inan,masc,б,1,в,Не мы - а вот в клубе тогда собирались
165,175,огороде,огород,inan,masc,д,3,на,"Да директриса ездила , какие - то там , я не знаю эти , чего - то , говорит , на огороде работают"
166,176,августе,август,inan,masc,т,2,в,"Живы , пчёлы вот чего им . Может , может в августе натаскают"
167,177,доме,дом,inan,masc,м,1,в,"Люб , вода у меня в доме давно"
168,178,аккордеоне,аккордеон,inan,masc,н,4,на,"У неё голос хороший , она на гитаре , на этой , как её , на аккордеоне играла"
169,179,смысле,смысл,inan,masc,л,1,в,"Он не . . . ну , такая она глупая вот в этом смысле , в этом смысле"
170,180,смысле,смысл,inan,masc,л,1,в,"Он не . . . ну , такая она глупая вот в этом смысле , в этом смысле"
171,181,селе,село,inan,neut,л,1,в,"Кнопка , кнопка , маленькая , говорят кнопка вон , собачка - то эта в селе кнопка , ну и это вот кнопка , вот это"
172,182,классе,класс,inan,masc,с,1,в,"Приехала с это , ещё дочь была я не знаю , в каком , либо в восьмом классе училась или в седьмом , я с ней поехала туда к ним в эту Ригу - то , в Латвию - то"
173,183,этаже,этаж,inan,masc,ж,2,на,"Тёть Ань , на пятом этаже живёшь , говорит , у вас лифта нет , говорит , как же ты на пятый этаж - то , говорит , это , подымаешься - ей"
174,184,огороде,огород,inan,masc,д,3,на,"Да надо вот на огороде чего - то этого , сажать , вот ягоду , ягода дорогая"
175,185,городе,город,inan,masc,д,2,в,"Я привыкла в городе , а , ну привыкла , так язык не , не бреши , я говорю"
176,186,детстве,детство,inan,neut,в,1,в,"А за чего сидел ? Велосипед украл в детстве , я не знаю , четрынадцать лет ему было , пятнадцать"
177,187,доме,дом,inan,masc,м,1,в,"Тогда он тут воспитывался , свекровья была живая , у нас вот в доме"
178,188,доме,дом,inan,masc,м,1,в,"А у них туалет в доме , а у меня туалета нету . А она полненная - страх какая , эта с . . . я полная , а она этого , во мне восемьдесят пять , а в ней сто пятнадцать килограмм"
179,189,доме,дом,inan,masc,м,1,в,"И вот сейчас в доме прям , выходишь вон , крышку откроешь < туда >"
180,190,погребе,погреб,inan,masc,б,2,в,"Слазишь , эти вот банки все там , уже там в погребе нету"
181,191,погребе,погреб,inan,masc,б,2,в,"Это там , в погребе храним"
182,192,диване,диван,inan,masc,н,2,на,"Одной спать на диване - я сплю , вон"
183,193,комбайне,комбайн,inan,masc,н,2,на,Я на комбайне . Все ба . . . стояли мы под соломой
184,195,порядке,порядок,inan,masc,к,3,в,"А вот какие там вон , в том порядке , и сколько гор , когда довезут до дома"
185,196,магазине,магазин,inan,masc,н,3,в,"Тут , в магазине - дороже , а они возят немножко подешевле"
186,197,дворе,двор,inan,masc,р,1,на,"И это , Саша . . . судно тоже на дворе хожу , а за мной ухаживают ещё , социальный работник"
187,198,техникуме,техникум,inan,masc,м,3,в,"Учился он в авиационном техникуме , тогда назначали ведь , давали путёвки , и место работы давали"
188,199,колхозе,колхоз,inan,masc,з,2,в,"Сено . В колхозе - то были сколько лошадей , этих , коров да лошадей - были"
189,200,городе,город,inan,masc,д,2,в,В городе тоже дымяка . .
190,201,пороге,порог,inan,masc,г,2,на,"Если я дома - чует , на пороге лежит"
191,202,огороде,огород,inan,masc,д,3,в,"Если я в огороде - пришел , лег на дорожку - будет лежать"
192,203,дворе,двор,inan,masc,р,1,во,Валяется во дворе - жарко . Это он вас испугался
193,204,магазине,магазин,inan,masc,н,3,в,В магазине
194,205,магазине,магазин,inan,masc,н,3,в,В магазине
195,206,магазине,магазин,inan,masc,н,3,в,В магазине
196,207,севере,север,inan,masc,р,2,на,"Муку , там тоже на севере нет ржаной муки , и вот эту закваску . То есть ее постоянно люди держат"
197,208,огне,огонь,inan,masc,н',2,на,"И это все потом - ну , часа три на медленном огне парится"
198,209,огне,огонь,inan,masc,н',2,на,"Не на огне , а в духовке"
199,210,совхозе,совхоз,inan,masc,з,2,в,"А сахарную свеклу мы , вот , и в этом году только не кушали . А вот в совхозе поля сажали , раньше бегали туда , воровали , причем там вкуснее , слаще"
200,211,погребе,погреб,inan,masc,б,2,в,"Как вот всю зиму - да , с . . . В погребе"
201,212,пороге,порог,inan,masc,г,2,на,"Они там , может , на пороге уж сидят"
202,213,лагере,лагер,inan,masc,р,2,в,"Она Машка была , внучка , а энта , одна была в лагере , а другая дома"
203,214,Вербилове,вербилово,inan,neut,в,3,в,"А она в Вербилове , а бабка в Круглянке живет . Ее , материна мать"
204,215,корыте,корыто,inan,neut,т,2,в,"Этою выгоняет , текет , она прям это , картошки у ней варятся ( вуорюццуть ) , она эту ( этой ) воду горячую там , кипит вода - то , в энтом ( в энтой ) корыте - то"
205,216,поле,поле,inan,neut,л',1,в,"В поле , в поле там один ячмень"
206,217,поле,поле,inan,neut,л',1,в,"В поле , в поле там один ячмень"
207,218,совхозе,совхоз,inan,masc,з,2,в,"И вот один в совхозе , там в совхозе , а второй этот купил , этот скупил вот этих , ну , такой арендатор - то"
208,219,совхозе,совхоз,inan,masc,з,2,в,"И вот один в совхозе , там в совхозе , а второй этот купил , этот скупил вот этих , ну , такой арендатор - то"
209,220,июне,июнь,inan,masc,н',2,в,"Тут , говорили , в июне ай в июле пенсию прибавят . Не прибавили"
210,221,июле,июль,inan,masc,л',2,в,"Тут , говорили , в июне ай в июле пенсию прибавят . Не прибавили"
211,222,августе,август,inan,masc,т,2,в,"А я слыхала , сказали , что в августе"
212,223,транспортере,транспортёр,inan,masc,р,3,на,"Я уборщицей работала , а муж был на транспортере"
213,224,транспортере,транспортёр,inan,masc,р,3,на,"Он работал на транспортере , а за ть . . . ещё мне записал на меня как будто я ходила днем за коровами счищала"
214,225,окладе,оклад,inan,masc,д,2,на,А так я на окладе была - шестьдесят рублей уборщицам было
215,226,числе,число,inan,neut,л,1,в,"Ну ячмень , ячмень он а . . . он в единственном числе ячмень"
216,227,колхозе,колхоз,inan,masc,з,2,в,"Вон , в колхозе будет , вон , поехал , кефир - зефиру купил . ."
217,228,огороде,огород,inan,masc,д,3,на,И п . . . и на огороде уж нечего брать
218,229,августе,август,inan,masc,т,2,в,"И слив привезла , и чернослив привезла , и яблок , ну ведь ещё сезон самое , в августе"
219,230,пруде,пруд,inan,masc,д,1,в,"А это вот , эти караси - то , сейчас продавают , это вон в пруде , ловят"
220,231,пруде,пруд,inan,masc,д,1,на,Они тут наши малинские работают на пруде
221,232,клубе,клуб,inan,masc,б,1,в,"А вот где вы , в клубе"
222,233,августе,август,inan,masc,т,2,в,"Туда по морозцу , прям морозы были , вот в августе , я знаю , ходили груши продавали , чернослив уж"
223,234,месте,место,inan,neut,т,1,на,Ну и купили этою вот на этом месте
224,235,доме,дом,inan,masc,м,1,в,Он его поместил - в доме три хозяина
225,236,августе,август,inan,masc,т,2,в,Вот теперь уж . . . два года в августе
226,237,августе,август,inan,masc,т,2,в,"Год пролежал , вот теперь в августе я не знаю какого числа он за ним ездил , я уж не помню"
227,238,шифоньере,шифоньер,inan,masc,р,3,в,Так вон у меня в шифоньере много клочьев
228,239,поле,поле,inan,neut,л',1,в,"Как , колосо . . . если в поле придешь , там много колосьев"
229,240,пальце,палец,inan,masc,ц,2,в,В этом пальце
230,241,совхозе,совхоз,inan,masc,з,2,в,"И я ходила выливать , работала в совхозе . ."
231,243,сундуке,сундук,inan,masc,к,2,на,я на сундуке держала етого Серёжку маленького
232,244,заводе,завод,inan,masc,д,2,в,"Мы работали в заводе , громко разговаривали"
233,245,дворе,двор,inan,masc,р,1,во,"во дворе , всё там двор , порядок , всё сделал . Всё помогал , всё делал"
234,246,городе,город,inan,masc,д,2,в,"я говорю , ну на . . . на все руки , вот не . . . не имеет значения , что он в городе жил"
235,247,окне,окно,inan,neut,н,1,на,Вон у меня на окне цвет стоит
236,248,ручье,ручей,inan,masc,й,2,на,"Ну , их Господь все равно наказал . Одного . . . одного прям на ручье . ."
237,249,складе,склад,inan,masc,д,1,на,"Где - то на складе щепок набрали , и за ще . . . за эти щепки сидели"
238,250,решете,решето,inan,neut,т,2,в,"В решете , вот решето у нее , она , вот такая стопа"
239,251,солнышке,солнышко,inan,neut,к,2,на,"Развалилась лежит на солнышке , жопу греет , обсушает лебо обоссалась"
240,252,Мечке,мечек,inan,masc,к,1,в,"Ну а , да дальше туда , а в Мечке - то каждый , справляли праздники , октябрьскую"
241,253,крыльце,крыльцо,inan,neut,ц,1,на,"Ну пенёк , на крыльце вон возьми , говорит . ."
242,254,стуле,стул,inan,masc,л,1,на,"стулу , и на стуле"
243,255,клубе,клуб,inan,masc,б,1,в,"А , в клубе"
244,256,селе,село,inan,neut,л,1,в,"Годовые , у нас в нашем селе Козьма - Девьян , Рождество"
245,257,месте,место,inan,neut,т,1,на,"А теперь вот хотят хоть бы открыть , и на этом месте , говорит , хотят , расчистили"
246,258,магазине,магазин,inan,masc,н,3,в,"Ну это , да , тогда были такие , а теперь в магазине платок купят и завяжут"
247,259,доме,дом,inan,masc,м,1,в,"А , да в доме , у кого что есть"
248,260,доме,дом,inan,masc,м,1,в,"Были . . . дом , а в доме такой с . . . вот как у меня сейчас вот сарай стоит"
249,261,амбаре,амбар,inan,masc,р,2,в,"И тогда так же такой же , амбарчик , в амбаре ( у ) в этом всё там были"
250,262,марте,март,inan,masc,т,1,в,"Сороки , я не знаю , в каком - то они . . . месяце , либо в марте наверно"
251,263,районе,район,inan,masc,н,2,в,"Назначили , говорит - три села дали : сказали , Введенка в Хлевенском районе , потом Отскочное , туда за Доном , и Малинино"
252,264,Колодезе,колодезь,inan,masc,з',3,в,"Да , ей . . . и у нее дочь в Конь - Колодезе в техникуме два года училась , да мальчик в деся . . . лет десять наверное , в третьем классе , в эту в Лозовку - то ездиет"
253,265,техникуме,техникум,inan,masc,м,3,в,"Да , ей . . . и у нее дочь в Конь - Колодезе в техникуме два года училась , да мальчик в деся . . . лет десять наверное , в третьем классе , в эту в Лозовку - то ездиет"
254,266,классе,класс,inan,masc,с,1,в,"Да , ей . . . и у нее дочь в Конь - Колодезе в техникуме два года училась , да мальчик в деся . . . лет десять наверное , в третьем классе , в эту в Лозовку - то ездиет"
255,267,селе,село,inan,neut,л,1,в,А сейчас в селе только три коровы
256,268,городе,город,inan,masc,д,2,в,Это ведь в городе
257,269,асфальте,асфальт,inan,masc,т,2,на,"Да . Первая тут остановка , и там останавливается , на асфальте"
258,270,начале,начало,inan,neut,л,2,в,"И в начале , и выезжать из Лозовки"
259,271,районе,район,inan,masc,н,2,в,"почему такое , почему у нас в районе , газета не печатается"
260,272,августе,август,inan,masc,т,2,в,"В мае это , раздавило его , а в августе помер"
261,273,Коне,конь,inan,masc,н',1,в,"Эта внучка то на сессию уедет , то вот в Задонск , в этом , в Коне учится ( пос . Конь - Колодезь )"
262,274,институте,институт,inan,masc,т,3,в,"Сейчас в институте поступила , дома не бывает , не сидит . А я . ."
263,275,Коне,конь,inan,masc,н',1,в,"Бухгалтером она так будет работать - то , в этом , в Коне , это у нас техникум"
264,276,Коне,конь,inan,masc,н',1,в,В этом в Коне
265,277,доме,дом,inan,masc,м,1,в,"А , там , в энтом доме"
266,278,совете,совет,inan,masc,т,2,в,"Мы с ней . . . и работали вместе , в школах уборщицами работали , я в сельском совете уборщицей работала . ."
267,279,феврале,февраль,inan,masc,л',2,в,"Я - то в феврале , под Встреченью , там тринадцатого или четырнадцатого , там не знаю"
268,280,феврале,февраль,inan,masc,л',2,в,И вот Серёжа - то : помер в феврале
269,281,сентябре,сентябрь,inan,masc,р',2,в,"Вот , в сентябре , я сбрехалась , вот"
270,282,феврале,февраль,inan,masc,л',2,в,"Год будет в феврале . В сентябре , я . ."
271,283,сентябре,сентябрь,inan,masc,р',2,в,"Год будет в феврале . В сентябре , я . ."
272,284,Вербилове,вербилово,inan,neut,в,3,в,"А я вышла туда - ой ! А внучка была с Вербиловой , это какой вот Серёжка помер , а две девочки , а в Вербилове"
273,285,пороге,порог,inan,masc,г,2,на,"Он выпьет придет , то на траве , то где - йто вон на пороге ляжет - сквозняки"
274,286,коровнике,коровник,inan,masc,к,3,на,"И он это , тоже работал на коровнике ( - у ) на транспонтёре , вычищал"
275,287,транспонтёре,транспонтёр,anim,masc,р,3,на,"И он это , тоже работал на коровнике ( - у ) на транспонтёре , вычищал"
276,288,колхозе,колхоз,inan,masc,з,2,в,"Там , в колхозе"
277,289,транспонтёре,транспонтёр,anim,masc,р,3,на,Муж . Какой на транспонтёре - то
278,291,водовороте,водоворот,inan,masc,т,4,в,"Вот он там жил , вот в этом водовороте"
279,292,Мечке,мечек,inan,masc,к,1,на,"Ну и , и тут тоже платное , на Мечке"
280,293,пруде,пруд,inan,masc,д,1,в,Да она не вси в нашем пруде туольке же
281,294,апреле,апрель,inan,masc,л',2,в,"Вот сейчас у соседа , у этого у Серёжки , вот какой нам сено привозил , у него лошадь есть . Он в любое время спашет и посадит картошки , вот они продали картошки в апреле"
282,295,курсе,курс,inan,masc,с,1,на,"А Катя : вот буду собирать , буду вот на втором курсе , буду собирать деньги , у Кати тоже права , Катя училась"
283,296,зале,зал,inan,masc,л,1,в,"Она там в зале , она перешла в прихожку , он тут ещё долбить её"
284,297,ноябре,ноябрь,inan,masc,р',2,в,"А дело было в ноябре , холодно"
285,298,совхозе,совхоз,inan,masc,з,2,в,"Мы скорей без него телка , тут телят в совхозе выписывали , ему"
286,299,совхозе,совхоз,inan,masc,з,2,в,Он работал в совхозе
287,300,комитете,комитет,inan,masc,т,3,в,"Ну , и я всё время там и в рабочем комитете была , и звеньевой всё время"
288,301,киоске,киоск,inan,masc,к,2,в,"Это вот этот , в киоске какой , сказал Юрка , говорит : Усманский лес горит"
289,302,киоске,киоск,inan,masc,к,2,в,Он и в киоске работает
290,303,смысле,смысл,inan,masc,л,1,в,Как ? В каком смысле
291,304,месте,место,inan,neut,т,1,на,"И хоронили тут , а на каком месте разбились , и там цветы всегда становит , и памятничек маленький стоит там"
292,305,стекле,стекло,inan,neut,л,1,в,"за Мишкою , и у него ноги получились в этом , в переднем стекле"
293,306,переде,перёд,inan,masc,д,2,на,"Стекло разбилось , и он на переде сидел"
294,307,кладбище,кладбище,inan,neut,щ',2,на,"И вот они на кладбище рядом , ограда , и остались мать с отцом"
295,309,совхозе,совхоз,inan,masc,з,2,в,"Ну , тихо , то бешеные - я в совхозе работала на ферме , там коровы бесились , телушки бесились"
296,310,дворе,двор,inan,masc,р,1,на,"А сказали - полгода чтоб это , на дворе не была"
297,312,дворе,двор,inan,masc,р,1,на,Вышла - она лиса на дворе
298,313,дворе,двор,inan,masc,р,1,на,"и она - то за мной вышла , и она осталась на дворе"
299,314,дворе,двор,inan,masc,р,1,на,А кошка - то осталась на дворе
300,316,дворе,двор,inan,masc,р,1,на,И на другом дворе - курица уж разодратая лежит
301,318,столе,стол,inan,masc,л,1,на,"и она - то вышла , было на столе - то они стали это расспрашивать - то"
302,319,Мечке,мечек,inan,masc,к,1,в,"А в Мечке было Воробьёвских триста голов , нетели"
303,320,огороде,огород,inan,masc,д,3,на,"Ну , глядь , приезжает , мы на огороде картошки пололи"
304,321,пригороде,пригород,inan,masc,д,3,в,"Куда вот я их ? Собрала , если б я была в пригороде , я б их на рынок отнесла , денежку взяла"
305,322,рынке,рынок,inan,masc,к,2,на,"А если я на рынке была , они по двадцать"
306,323,ведре,ведро,inan,neut,р,1,в,"Пусть там шесть килограмм было в ведре , это прям точно"
307,324,городе,город,inan,masc,д,2,в,"Все в городе , все сюда приезжали"
308,325,доме,дом,inan,masc,м,1,в,"Вот какая жизнь была , я говорю , слова богу , что сейчас хоть нам газ при старости лет провели , вода в доме . ."
309,326,октябре,октябрь,inan,masc,р',2,в,"Он говорит , он еще сказал : отёл будет в октябре или в сентябре , а она отелилась в августе"
310,327,сентябре,сентябрь,inan,masc,р',2,в,"Он говорит , он еще сказал : отёл будет в октябре или в сентябре , а она отелилась в августе"
311,328,августе,август,inan,masc,т,2,в,"Он говорит , он еще сказал : отёл будет в октябре или в сентябре , а она отелилась в августе"
312,329,курсе,курс,inan,masc,с,1,на,"Катя говорит , буду учиться , вот на втором курсе"
313,330,классе,класс,inan,masc,с,1,в,"В одиннадцатом классе училась , и - в Хлевном у нас учат на шоферов"
314,331,декабре,декабрь,inan,masc,р',2,в,"вот пять лет она отучилась - она еще в школу ходила , и Надя в декабре купила"
315,332,классе,класс,inan,masc,с,1,в,Она в одиннадцатом классе была
316,333,доме,дом,inan,masc,м,1,в,"в этом доме на четвёртом этаже , а комната на третьем"
317,334,этаже,этаж,inan,masc,ж,2,на,"в этом доме на четвёртом этаже , а комната на третьем"
318,335,потолке,потолок,inan,masc,к,3,на,"Дорожки наткала , вон где - то на потолке висят"
319,336,Данциге,данциг,inan,masc,г,2,в,"Тридцатого марта , в Данциге"
320,337,классе,класс,inan,masc,с,1,в,"Я в четвёртом классе ходила , мне было тринадцать лет"
321,338,госбанке,госбанк,inan,masc,к,2,в,"А мы жили в Хлевном , папака работал в госбанке"
322,339,месте,место,inan,neut,т,1,на,Это вот мы дом построили на родительском месте
323,340,домике,домик,inan,masc,к,2,в,"А этот вот так и он стоял , этот , в каком домике мы жили"
324,341,сундуке,сундук,inan,masc,к,2,на,"И они спали на сундуке , ребята"
325,342,доме,дом,inan,masc,м,1,в,в доме холодища
326,343,Коне,конь,inan,masc,н',1,в,"В Коне ее не приняли , приняли кандидатом"
327,344,пузырьке,пузырёк,inan,masc,к,3,в,"и на полу упал и умер , нитроглицерин остался в пузырьке не открытый , не управился открыть"
328,345,марте,март,inan,masc,т,1,в,"И а Толик умер - вот четыре года ему в марте , в Литве"
329,346,заводе,завод,inan,masc,д,2,на,И так и на Череповецком металлургическом заводе отработал
330,347,институте,институт,inan,masc,т,3,в,И он учился в институте имени Можайского
331,348,севере,север,inan,masc,р,2,на,"и говорит , на севере"
332,349,доме,дом,inan,masc,м,1,в,"А теперь зачем , у нас ванна есть , туалет есть , всё в доме"
333,350,городе,город,inan,masc,д,2,в,"В городе они не встревают никого , они заходят в дом , знают , когда нет никого"
334,351,городе,город,inan,masc,д,2,в,Деньги - в городе ? Везде
335,352,селе,село,inan,neut,л,1,в,"Пожалуйста , и у вас в селе тут"
336,353,магазине,магазин,inan,masc,н,3,в,"Русский , э - э , если не можешь по - ихнему говорить - даже в магазине ничего не купишь"
337,354,клубе,клуб,inan,masc,б,1,в,В клубе
338,355,клубе,клуб,inan,masc,б,1,в,"Музей там , в клубе"
339,356,Ельце,елец,inan,masc,ц,2,в,"И вот дошёл туда он - и в Ельце был , и из Ельца он не добрался до Липица"
340,357,столе,стол,inan,masc,л,1,на,"Глянешь - вот мёд ешь , поставишь где - нибудь на столе или где - нибудь , глянешь - а там муха залезла , прилипла , сидит"
341,358,поле,поле,inan,neut,л',1,в,"А то луга вон к полю , и там в поле ж косят сено , на буграх"
342,359,огороде,огород,inan,masc,д,3,на,"А я любила , у меня на огороде всегда было много . И вот до этого , до этой штуки этой не было , не знал и был . И поспевал"
343,360,палисаднике,палисадник,inan,masc,к,4,в,"У меня в палисаднике , бывало , насею , цветут - страсть божья . ."
344,361,совете,совет,inan,masc,т,2,в,"В совете работает , какая Люба , может . ."
345,362,совете,совет,inan,masc,т,2,в,"Она вот . . . в совете , Люба , она . . . Да , они брали ее"
346,363,совете,совет,inan,masc,т,2,в,"А сошелся с энтой , четыре года , с Любкой в совете"
347,364,Липеце,липец,inan,masc,ц,2,в,Этот в Липеце живет
348,366,колхозе,колхоз,inan,masc,з,2,в,"В колхозе , всё время в колхоз ходили"
349,367,районе,район,inan,masc,н,2,в,"А теперь бросили свёклу сеять , ну у нас - то в районе - то не сеют , а вот в Лебедяни , говорят , сеют , а то сахара не будет"
350,368,районе,район,inan,masc,н,2,в,"Коров вот в нашем районе где - то накупили , где - йто строят эти . ."
351,370,колхозе,колхоз,inan,masc,з,2,в,Не . В колхозе . .
352,371,доме,дом,inan,masc,м,1,в,"Бывало , всю зиму стан стоит в доме , пыли средь"
353,372,солнышке,солнышко,inan,neut,к,2,на,"да расстилали на солнышке , чтобы они убеливались , чтоб белые были"
354,373,Колодезе,колодезь,inan,masc,з',3,в,А у нее дочь учится в Конь - Колодезе
355,374,рубеже,рубеж,inan,masc,ж,2,на,на долгожданном рубеже
356,375,столике,столик,inan,masc,к,2,на,и на столике Пушкина том
357,376,мире,мир,inan,masc,р,1,в,Для меня ничего в мире нет
358,378,потолке,потолок,inan,masc,к,3,на,"Ага , а боров ещё вот когда печку ложат , вот дойдут до потолка , и там чтоб на потолке , там боров"
359,379,решете,решето,inan,neut,т,2,в,"Эта , кар . . . мезга - то она тут оставается , в решете , или в сите"
360,380,сите,сит,anim,masc,т,1,в,"Эта , кар . . . мезга - то она тут оставается , в решете , или в сите"
361,381,городе,город,inan,masc,д,2,в,Не делала ? Да кто - йто вы будете в городе делать
362,382,совхозе,совхоз,inan,masc,з,2,в,"где - нибудь вон , чего - нибудь получали вон когда - йто мы в совхозе"
363,383,навозе,навоз,inan,masc,з,2,в,В навозе водятся черви
364,384,навозе,навоз,inan,masc,з,2,в,В навозе водятся черви
365,385,базаре,базар,inan,masc,р,2,на,"Он , говорят , продавается в этом , на базаре"
