,word,lema,animacy,gender,finale,n_syll,preposition,context,accent
0,доме,дом,inan,masc,м,1,в,"А на этой на Данку Маня Лёгина померла , она на Еленском в престарелом доме была",c
1,кладбище,кладбище,inan,neut,щ',2,на,"Ну , Николаевна думала здесь похоронить на нашем кладбище , а зачем же . . . так , как Полина Ивановна мне рассказывала",-
2,магазине,магазин,inan,masc,н,3,в,Оно ж у меня бесплатное . Я работаю в магазине,-
3,молокозаводе,молокозавод,inan,masc,д,5,на,"Тут я . . . Эта на молокозаводе работает , а наша работала в магазине , торговала",-
4,магазине,магазин,inan,masc,н,3,в,"Тут я . . . Эта на молокозаводе работает , а наша работала в магазине , торговала",-
5,магазине,магазин,inan,masc,н,3,в,"О , технический , у нас много ослепло , его продавали в магазине",-
6,ноябре,ноябрь,inan,masc,р',2,в,"Как они разошлись еще в ноябре месяце . Нет , ноябрь он полностью ездил . Да буде с сентября",-
7,месяце,месяц,inan,masc,ц,2,в,"Как они разошлись еще в ноябре месяце . Нет , ноябрь он полностью ездил . Да буде с сентября",-
8,огороде,огород,inan,masc,д,3,в,"Деловая ! У нее в огороде , у нее около дому , у нее окурка нету . Она сидит , вот приедет , то Иришку привезет . .",-
9,виде,вид,inan,masc,д,1,в,"Да - да - да , ну , в виде мусора его вот это",-
10,поле,поле,inan,neut,л',1,на,"Ну , что - то зеленеет на поле , о , что там зеленеет",-
11,поле,поле,inan,neut,л',1,на,"На поле там обычно , или там зелень посеяли . О , зелень как зеленеет",-
12,детстве,детство,inan,neut,в,1,в,"Я тоже говорю , так - то во , в детстве , мне , говорю , что доставалось ? Картоху сажали девятками",-
13,посёлке,посёлок,inan,masc,к,3,на,"И бомба взорвалася , и его убило . Мы жили на посёлке , посёлок наш была Лихое Болото",-
14,колодце,колодец,inan,masc,ц,3,в,"А отец наш дал команду , мой , посадить в колодце , хотели его , что - нибудь с ним сделать",-
15,колодце,колодец,inan,masc,ц,3,в,"В колодце , и он же так и оставился , немцы не облили , не сожгли , ничем его не испакостили",-
16,посёлке,посёлок,inan,masc,к,3,на,"А вот как его дальше вот звали , знаю , что фамилия Комков . Знаю , что он у нас на посёлке даже был",-
17,посёлке,посёлок,inan,masc,к,3,на,И отец наш всё нам рассказывал как . . . отец его записался на посёлке жить . С Пеневич же выезжали,-
18,мешочке,мешочек,inan,masc,к,3,в,"Картоху , картоху носила в сумочке так - то , в мешочке на плечах , как это . .",-
19,колодезе,колодезь,inan,masc,з',3,на,"Чуете ? А меня гроза била . Черпаю воду , туча была , большая - большая , а я черпаю у себя воду на колодезе",-
20,стаде,стадо,inan,neut,д,1,в,"Весной - то , ещё в стаде не ходили , зелень - то оттаяла так - то",-
21,колхозе,колхоз,inan,masc,з,2,в,"Не , и в колхозе дураки были . Райку - то Марчёнкову ты не знаешь",-
22,покосе,покос,inan,masc,с,2,на,"А я помню , у нас - мы тоже дураки , у нас музоли - оо ! к на покосе нас гонял - то уже всех",-
23,сельсовете,сельсовет,inan,masc,т,3,в,В сельсовете будут собирать угол,-
24,посёлке,посёлок,inan,masc,к,3,на,"А у нас вот на посёлке было , как летом , мы вот у нас , был мой вот дядя Денис , он жил на посёлке , посёлком",-
25,посёлке,посёлок,inan,masc,к,3,на,"А у нас вот на посёлке было , как летом , мы вот у нас , был мой вот дядя Денис , он жил на посёлке , посёлком",-
26,кресте,крест,inan,masc,т,1,на,"Ух , она и на моги . . . она и в Пеневичах , ее найдете , она в повойнику на могилке , на кресте",-
27,кладбище,кладбище,inan,neut,щ',2,во,"Не видели ? В Пеневичах , да , в этой стороне во будет , вот кладбище вот туда зайдете , если будете , в этой стороне будет ей могилка",-
28,повойнике,повойник,inan,masc,к,3,в,"И так - то ее прямо в повойнике похоронили , что ли",-
29,кресте,крест,inan,masc,т,1,на,"Нет , только у нее вот на кресте , табличка , табличка . И она стоит , ее лик в повойнике , она",-
30,повойнике,повойник,inan,masc,к,3,в,"Нет , только у нее вот на кресте , табличка , табличка . И она стоит , ее лик в повойнике , она",-
31,посёлке,посёлок,inan,masc,к,3,на,"И она , значит , уехала , и однажды она приехала , еще на посёлке я жила",-
32,мотоцикле,мотоцикл,inan,masc,л,3,на,"А потом , у них были машины - не , были на мотоцикле",-
33,доме,дом,inan,masc,м,1,в,"Это теперь , культура замучила , а тогда бабки зимою соберутся в одном доме штук пять - шесть и просидят до вечера",c
34,кладбище,кладбище,inan,neut,щ',2,на,"Жила она у брата в Ермолине , там ее похоронил . А всё просилась на своё кладбище в Нехочи",-
35,кладбище,кладбище,inan,neut,щ',2,на,"Каждый праздничек , и на кладбище , каждый праздничек - и на кладбище",-
36,кладбище,кладбище,inan,neut,щ',2,на,"Каждый праздничек , и на кладбище , каждый праздничек - и на кладбище",-
37,кладбище,кладбище,inan,neut,щ',2,на,"Рядом они там не взяли не с нею , на другом кладбище , но всё равно они не забывают ее , на кладбище они ходят к ней . И я и то на кладбище бываю . Поедем . .",-
38,кладбище,кладбище,inan,neut,щ',2,на,"Рядом они там не взяли не с нею , на другом кладбище , но всё равно они не забывают ее , на кладбище они ходят к ней . И я и то на кладбище бываю . Поедем . .",-
39,кладбище,кладбище,inan,neut,щ',2,на,"Рядом они там не взяли не с нею , на другом кладбище , но всё равно они не забывают ее , на кладбище они ходят к ней . И я и то на кладбище бываю . Поедем . .",-
40,кладбище,кладбище,inan,neut,щ',2,на,"На Паску . На самую праздник у нас большой , и мы ходим на кладбище , да",-
41,кладбище,кладбище,inan,neut,щ',2,на,"Это уже на вторую , на второй неделе , во вторник , от Паски , ходим на кладбище",-
42,замке,замок,inan,masc,к,2,на,"Вчера , мам , были , тебя нету , хата на замке была , говорит . - А сколько ? - Восемь",-
43,дежурстве,дежурство,inan,neut,в,2,на,"А он уже , дежурит , может , на дежурстве , да",-
44,хоре,хор,inan,masc,р,1,в,"Она , она ж тут в хоре - то песни глянь какие поет",c
45,мешке,мешок,inan,masc,к,2,на,А эта в маленький мешок принеси - триста рублей на мешке,-
46,полотенчике,полотенчико,inan,neut,к,4,на,Хлебом - солью стревают везде . На полотенчике,-
47,рушнике,рушник,inan,masc,к,2,на,На рушнике,-
48,городе,город,inan,masc,д,2,в,"Танечка , говорю , не в деревне , в городе теперь . Так - то во , с нею мы встанем , постоим , как сама",-
49,детстве,детство,inan,neut,в,1,в,"Ему , может , сейчас после ещё операции если были , ему и было и в детстве ему операций было очень много",-
50,тракторе,трактор,inan,masc,р,2,на,"Ну он трудяга тоже . А по первости на тракторе работал . Митя этот , так он это . .",-
51,сне,сон,inan,masc,н,1,во,"Как спала , как во сне , просыпаюсь с этим словом , что тебе надо поговеть",-
52,прицепе,прицеп,inan,masc,п,2,на,"Домой иду , соседка встречает : Ну что , Натах , дочечка , Ивана поглядела ? Я говорю : - Его нету дома , он на стану . Я по - своему отвечаю . - Как ? Они в ночь пахали , Володя мой дома . А Володя на прицепе у него работал . Ну теперь я не пойду , пойду я домой",-
53,колхозе,колхоз,inan,masc,з,2,в,"А после войны очень тяжело было , очень тяжело . Потому в колхозе ничего не платили , работы никакой нет , что он ? Он ночным конюхом . Я вот так вам говорила , что он конюхом отец работал . Ночным , он стерёг ночью их , караулил . Вот , а что там ему дадут , ну двенадцать килограмм , всё",-
54,конце,конец,inan,masc,ц,2,в,"Только Миша восьмого . . этого , после Октябрьской восьмого родился , а тот в конце месяца , в общем , в одном году , Толик . И вот такие дела , так у нас",-
55,колхозе,колхоз,inan,masc,з,2,в,"Всё , самая маленькая вот Райка , потом Райка умирает , Нюра уже умирает это отец уже никуда не ездил , просто тут , в колхозе стал работать",-
56,чердаке,чердак,inan,masc,к,2,на,"Вот , а тогда гляжу , мать закричала , а тут соседи , Карпиком его зовут , она хотела прямо с чердака с этого , спали тепло , на этом вот на чердаке называется , не в хате , и она хотела , взяла ее на охапку , и хотела она прямо прыгать , с ней , с девкой , с Нюрой",-
57,тракторе,трактор,inan,masc,р,2,на,"И вот они поехали , поехали на тракторе , трактор колёсник , не Белорус , никто , а колёсник назывался , вот . И уже они ехали с Клетна . Ехали , наехали на мину",-
58,колхозе,колхоз,inan,masc,з,2,в,"Жить опять . Ну дали , в колхозе дали эту , на новостройке дали ему хату , на Молодёжке называется тоже . Дали , работал , работал , что за что , посадили , посадили , что - то украли в колхозе . Посадили . Дали год , год отсидел",-
59,колхозе,колхоз,inan,masc,з,2,в,"Жить опять . Ну дали , в колхозе дали эту , на новостройке дали ему хату , на Молодёжке называется тоже . Дали , работал , работал , что за что , посадили , посадили , что - то украли в колхозе . Посадили . Дали год , год отсидел",-
60,колхозе,колхоз,inan,masc,з,2,в,"Баб , ты не жалей , ты клади , ты клади ! Ты не жалей , нам еще дадут . Нам еще теленка , раз они ж рубят в колхозе тут",-
61,колхозе,колхоз,inan,masc,з,2,в,"Экзамены сдавать , даже его исключили . А вот он еще , ему еще экзамены не сдавать , его , потом его исключили , со школы со Смоленску , он приехал , устроился тут кузнецом в этой , в колхозе в кузню",-
62,колхозе,колхоз,inan,masc,з,2,в,"Ну все , тут опять : уеду , уеду в Калугу , не буду тут жить . Уехал , уехал , рассчитался в колхозе , уехал . Уехал , там нашел себе Зою , первую в Калуге",-
63,Турбинке,турбинк,anim,masc,к,2,на,"Ну , раз они с Зоей , они что ж . . сын приехал , Зою схоронили , сын приехал , квартиру - то закрыл , они не расписаны . Но ему дали комнату на Турбинке на этой , дали ему комнату , живет . Живет , тут стала Галя ходить . Галя эта стала ходить , стала ему есть носить",-
64,Турбинке,турбинк,anim,masc,к,2,на,"Туда . Ну туда ладно . Бери . На машине вот он приедет , с этой тоже и сын этой , он работал дальнобойщиком . Ну я так называю , дальнобойщиком , он не то что . . . так машина на Турбинке , он работал , только он ездил в дальние рельсы",-
65,госпитале,госпиталь,inan,masc,л',3,в,"Она работала в госпитале , она всех этих , всех врачей , всё это знает , всё она там . Я , говорит , в военном госпитале работала . Вот она уже как что , в этот институт она его отправлят лечиться",-
66,госпитале,госпиталь,inan,masc,л',3,в,"Она работала в госпитале , она всех этих , всех врачей , всё это знает , всё она там . Я , говорит , в военном госпитале работала . Вот она уже как что , в этот институт она его отправлят лечиться",-
67,декабре,декабрь,inan,masc,р',2,в,В декабре,-
68,декабре,декабрь,inan,masc,р',2,в,"В декабре берут отпуск , и два его брата , и мой сын . И едут туда . Делать коридор . Подъедут",-
69,доме,дом,inan,masc,м,1,в,"И в доме тоже , теперь будет , делают в месяц или два , что будет , откачивают",c
70,колхозе,колхоз,inan,masc,з,2,в,"Эти , он работал сам в колхозе , она работала тоже в колхозе , она работала дояркой",-
71,колхозе,колхоз,inan,masc,з,2,в,"Эти , он работал сам в колхозе , она работала тоже в колхозе , она работала дояркой",-
72,тракторе,трактор,inan,masc,р,2,на,Он работал на тракторе,-
73,автобусе,автобус,inan,masc,с,3,в,"Поездила , люди спят в автобусе , а я не могу . Пришла - Коль не давай мне хоть либо работать боле не пойду",-
74,автобусе,автобус,inan,masc,с,3,на,Не могу я на этом автобусе ездить больше,-
75,коридоре,коридор,inan,masc,р,3,в,"Дай хоть я в этом в коридоре пойду уберусь , туда - сюда , тут же эту страсть надо вот так где",-
76,декабре,декабрь,inan,masc,р',2,в,"Если она рано окотилась вот , в там , в декабре там , туда - сюда",-
77,коридоре,коридор,inan,masc,р,3,в,"У меня где - то тоже есть , висят , нет , тут нету , в коридоре нету , а где - то буде там в гараже если",-
78,гараже,гараж,inan,masc,ж,2,в,"У меня где - то тоже есть , висят , нет , тут нету , в коридоре нету , а где - то буде там в гараже если",-
79,колхозе,колхоз,inan,masc,з,2,в,"Это в каждого ж были ножницы , колхозных стригли ходили , не то что , в колхозе были овцы . < Крышка валится .",-
80,поле,поле,inan,neut,л',1,на,"Как мы двое с дедом , говорю , глядим их , станем от этой от деревни и глядим , чтоб она . . . а там они ходят на поле , туда пусть идут , и я за ними пойду",-
81,поле,поле,inan,neut,л',1,в,"Ну , тогда ужо , когда в поле корову - то пригнали , ой , у кого ж мне ведерко взять , хоть бы какое - нибудь , чтобы мне ее освободить , подоить",-
82,августе,август,inan,masc,т,2,в,"И вот как операцию сделали , этих порезали , и больше . . . Операция ж была в августе этой . .",-
83,августе,август,inan,masc,т,2,в,"Да - да , в августе , в августе ему делали . Вот осенью порезали этих , говорю - надо ж нам . . . Нет , хватит , все , хватит , и больше нам не стали давать брать - покупать , держите во курей",-
84,августе,август,inan,masc,т,2,в,"Да - да , в августе , в августе ему делали . Вот осенью порезали этих , говорю - надо ж нам . . . Нет , хватит , все , хватит , и больше нам не стали давать брать - покупать , держите во курей",-
85,Есенке,есёнок,anim,masc,к,3,на,"Я говорю , на Кулиге попытала - нетути , на Есенке попытала - нету , вот , у них свои стада",-
86,стаде,стадо,inan,neut,д,1,в,"Ты , так ты Фролова жена ! Садись завтракать ! "" "" Не до завтрака мне , я пришла , говорю , у вас , говорят , баран чужой есть ? "" "" Есть у нас баран , только он с нашими овцами в стаде , пошел в стадо """,-
87,магазине,магазин,inan,masc,н,3,в,"Ну , теперь же надо мне брать . . . Захожу в магазин , это прямо как с оттуда шла , беру в магазине в долг конфет полкилогамма , полкилограмма печеньев , дома наливаю бутылку самогонки , подхватываюсь",-
88,дворе,двор,inan,masc,р,1,на,Это ж не на улице ходят . И пусть бы на дворе стояли к делу,-
89,поле,поле,inan,neut,л',1,в,"В поле , гоняли ж в поле ходят , все . Ну вот она у нас покрылась < нрзб . > , это телиться ей пятым отелом",-
90,поле,поле,inan,neut,л',1,в,"В поле , гоняли ж в поле ходят , все . Ну вот она у нас покрылась < нрзб . > , это телиться ей пятым отелом",-
91,поле,поле,inan,neut,л',1,в,"Выгнали в поле , выгнали в поле , все , < лежим > , к нам приходят : "" Вашу корову парализовало",-
92,поле,поле,inan,neut,л',1,в,"Выгнали в поле , выгнали в поле , все , < лежим > , к нам приходят : "" Вашу корову парализовало",-
93,марте,март,inan,masc,т,1,в,"А эта , с этой осталась , и эта вот знаю , что она отелилась в марте , но что она билась",-
94,поле,поле,inan,neut,л',1,в,"Ну а что делать ? Докуда мне их брать ? Пусть , что будет , пусть стоит , пусть , в поле не ходила , < нрзб . > никого",-
95,поле,поле,inan,neut,л',1,в,"Полдни вот тут вот , у нас обычно в полдни ходим в поле доим",-
96,поле,поле,inan,neut,л',1,на,"На боли , на поле . Я говорю : "" Да что , я не поверю ! Корова веселая была , хорошая , подоила , молоко все отдала мне , я ж чувствую """,-
97,поле,поле,inan,neut,л',1,на,"Фрол , я , ветеринар поехали . Поехали прямо на поле - лежит",-
98,колхозе,колхоз,inan,masc,з,2,в,Ну тут уж надо брать в колхозе,-
99,колхозе,колхоз,inan,masc,з,2,в,"В колхозе берем , взяла коро . . . корову , прямо чтоб с молоком",-
100,журнале,журнал,inan,masc,л,2,в,"А , они еще , там через Калугу , там сколько было ее , даже и в журнале , и в газете это все написать ; она секретарем работала , не такая - то как я телятница или доярка , вот",-
101,доме,дом,inan,masc,м,1,в,"Зачем я , говорю , на себя , Фрол , ты ж хозяин в доме ? Как я буду на себя оформлять , я этого не могу сделать так",c
102,стаде,стадо,inan,neut,д,1,в,"Нет , и все , нам осеменатор , нам нужны быки , если вам нужно , говорит , молоко , нужны телята , то пусть у нас ходят в стаде быки и пусть коров кроют быки , но не осеменатор , и все . Вот",-
103,стаде,стадо,inan,neut,д,1,в,"Ну , может , и есть и . . . может , и покр . . . как , с быком она покроется , она день ходит с ним в стаде",-
104,дворе,двор,inan,masc,р,1,на,"Вот она корове - то аппарат подключ . . . этой , не так она аппаратом , как она руками , она особо и доить - то еще не . . . не особо умела , ей подсказывала сваха все , на одном дворе они со свахою были",-
105,феврале,февраль,inan,masc,л',2,в,"Вот , это она была , она у меня была на семидесятилетии даже , на семидесятипятилетии , она приезжала ко мне , она ко мне и летосе в феврале она приезжала , эта вот",-
106,колхозе,колхоз,inan,masc,з,2,в,"Да , вот это в колхозе я называла сама",-
107,поле,поле,inan,neut,л',1,в,"В поле стерегут коров , телка отелится или что , тогда уже она от теленка не отойдет",-
108,недостатке,недостаток,inan,masc,к,4,в,"И он приходит , ну , раз жили бедно , жили мы в недостатке , и он прихо . . . а был бригадиром , он потом поше . . . был в председателях",-
109,торфе,торф,inan,masc,ф,1,на,"Я девятнадцати замуж вышла , ну я восемнадцать лет мне было , я поехала , на торфе пробыла , я поехала уже себе зарабатывать",c
110,месяце,месяц,inan,masc,ц,2,в,"Поедем . Вот я поехала , сезон я там отработала . Во сколько бы . . . в каком месяце , а в мае месяце , видно , поехали мы",-
111,месяце,месяц,inan,masc,ц,2,в,"Поедем . Вот я поехала , сезон я там отработала . Во сколько бы . . . в каком месяце , а в мае месяце , видно , поехали мы",-
112,начале,начало,inan,neut,л,2,в,"Да , в мае , в начале мая . Вот май , июнь , июль и август , сентябрь , в октябре или в ноябре мы приехали",-
113,октябре,октябрь,inan,masc,р',2,в,"Да , в мае , в начале мая . Вот май , июнь , июль и август , сентябрь , в октябре или в ноябре мы приехали",-
114,ноябре,ноябрь,inan,masc,р',2,в,"Да , в мае , в начале мая . Вот май , июнь , июль и август , сентябрь , в октябре или в ноябре мы приехали",-
115,дворе,двор,inan,masc,р,1,на,"Лошадь ночует она у нас , сено осталяем , на дворе она у нас дома ночует",-
116,скирде,скирд,inan,masc,д,1,в,"И все , я , говорит , только иду : Господи , только чтобы мне хоть бы напалась скирда , чтобы я переночевал в скирде """,-
117,скирде,скирд,inan,masc,д,1,в,"И так - то где он , в скирде ли он был , или он шатался всю ночь , ну по - видимому , в скирде",-
118,скирде,скирд,inan,masc,д,1,в,"И так - то где он , в скирде ли он был , или он шатался всю ночь , ну по - видимому , в скирде",-
119,колхозе,колхоз,inan,masc,з,2,в,"Вот посушили и на мельнице на току и мололи , своя в колхозе мельница была , а то в Пеневичи ездили . А пекли хлеб такой - то",-
120,колхозе,колхоз,inan,masc,з,2,в,"Ну , говорят , что воровал . Но я ж не в людях воровала , а в колхозе",-
121,колхозе,колхоз,inan,masc,з,2,в,"Ну , ну это дал , может , это как - то нет , а говорят то , кто воровал , но я говорю , воровать - это ж в колхозе все воруют . Ну это украла бы я у человека , обидела , вот это дело другое , < это есть > , говорю",-
122,чугуне,чугун,inan,masc,н,2,в,"Нет , ну сутки потомится , она делается красная , вот такая вот . В чугуне , в чугунах под сковородой . Как шоколадная делается эта мука",-
123,декабре,декабрь,inan,masc,р',2,в,"А сейчас , в декабре , береть Витя . . . Муж что ли всё звонит",-
124,доме,дом,inan,masc,м,1,в,"А копоть это , когда в доме закоптилось , дыму , от дыму всё закопченное . Говорили копоть",c
125,посёлке,посёлок,inan,masc,к,3,на,"Но у нас на Ивановске на посёлке , теперь уже , наверное , никто и не найдет . Есть такая трава , лечит , страшно она от этой , от желтухи",-
126,месте,место,inan,neut,т,1,в,"Она дуже растет в таком месте , дурман там ещё есть , вонючая такая , и трава , и голова дуже болит",-
127,курсе,курс,inan,masc,с,1,на,Это она ужо учится на втором курсе . После девяти,-
128,почете,почёт,inan,masc,т,2,в,"А - а , а потом как сейчас вот стали уже те - то и в почете , они сколько получают",-
129,посёлке,посёлок,inan,masc,к,3,на,"А вот как его дальше вот звали , знаю , что фамилия Комков , знаю , что он у нас на посёлке даже был",-
130,посёлке,посёлок,inan,masc,к,3,на,"Пеньевская мама была , и отец наш все нам рассказывал , как отец его записался на посёлке жить . С Пеневич же уезжали",-
131,плече,плечо,inan,neut,ч,1,на,"Картоху , картоху носила в сумочке , так - то мешочком на плече",-
132,рюкзачке,рюкзачок,inan,masc,к,3,в,"Сейчас в рюкзачке носят , а тогда в мешочек картошку положат , два , и забрали , и пошла",-
133,колодезе,колодезь,inan,masc,з',3,на,"Чуете ? А меня гроза била ! Черпала воду , туча была , большая - большая , а я черпала воду у себя на колодезе . Как гроза вдарила",-
134,стаде,стадо,inan,neut,д,1,в,"Весну - то еще в стаде не ходили , зелень там таяла та - та , корму - то не хватало , скотину выпускали",-
135,колхозе,колхоз,inan,masc,з,2,в,И в колхозе дураки были,-
136,колхозе,колхоз,inan,masc,з,2,в,В колхозе,-
137,ведре,ведро,inan,neut,р,1,в,"И без воды пришли . И потом с водой уже в ведре , она ж разольется , бегом уже так бечь не будешь , воду уже принесешь - пьют , пьют",-
138,сельсовете,сельсовет,inan,masc,т,3,в,В сельсовете будут собирать угол,-
139,поселке,посёлок,inan,masc,к,3,на,"У нас вот на посёлку было , как летом , вот , у нас был мой вот дядя , Денис , он жил на поселке",-
140,повойнике,повойник,inan,masc,к,3,в,"Катерина Владимировна . . Владимировна она была ? Ох , она и в Пеневичах , найдете , она в повойнике на могилке , на кресте",-
141,кресте,крест,inan,masc,т,1,на,"Катерина Владимировна . . Владимировна она была ? Ох , она и в Пеневичах , найдете , она в повойнике на могилке , на кресте",-
142,повойнике,повойник,inan,masc,к,3,в,Так - то ей прямо в повойнике похоронили что ли,-
143,кресте,крест,inan,masc,т,1,на,"Нет , только ей вот на кресте табличка , табличка , и она стоит , и у нее лик вот в повойнике",-
144,повойнике,повойник,inan,masc,к,3,в,"Нет , только ей вот на кресте табличка , табличка , и она стоит , и у нее лик вот в повойнике",-
145,посёлке,посёлок,inan,masc,к,3,на,"И она , значит , уехала , и однажды она приехала , еще на посёлке я жила",-
146,мотоцикле,мотоцикл,inan,masc,л,3,на,"И он пришел , мы его ждали , потом он пришел , они там еще присели за стол , потом у них были машины , нет , они были на мотоцикле",-
147,доме,дом,inan,masc,м,1,в,"Это теперь культура замучила , а тогда бабки зимой соберутся в одном доме штук пять - шесть и просидят до вечера , и разговаривают про своё про всё , кто про что рассказывает , всё , всё , всё , всё",c
148,кладбище,кладбище,inan,neut,щ',2,на,"И так она и жила , жила она у брата в Ермолине , там ей и похоронили , а все просилась на своё кладбище . Еще мне брат , говорит , Марусь , позвоним < нрзбр > , будем хоронить тут",-
149,кладбище,кладбище,inan,neut,щ',2,на,"И похоронили , а там еще лучше , чем у нас . Каждый праздничек - и на кладбище , каждый праздничек , и на кладбище , все время ходили",-
150,кладбище,кладбище,inan,neut,щ',2,на,"И похоронили , а там еще лучше , чем у нас . Каждый праздничек - и на кладбище , каждый праздничек , и на кладбище , все время ходили",-
151,кладбище,кладбище,inan,neut,щ',2,на,"Ну потом у ей сын погиб , рядом ему там взяли , не с ней , на другом кладбище , но все равно они не забывают ей , на кладбище ходят к ей , и я и то на кладбище бываю",-
152,кладбище,кладбище,inan,neut,щ',2,на,"Ну потом у ей сын погиб , рядом ему там взяли , не с ней , на другом кладбище , но все равно они не забывают ей , на кладбище ходят к ей , и я и то на кладбище бываю",-
153,кладбище,кладбище,inan,neut,щ',2,на,"Ну потом у ей сын погиб , рядом ему там взяли , не с ней , на другом кладбище , но все равно они не забывают ей , на кладбище ходят к ей , и я и то на кладбище бываю",-
154,кладбище,кладбище,inan,neut,щ',2,на,"На Пасху , на саму , праздник у нас большой , мы ходим на кладбище",-
155,Есинке,есинк,anim,masc,к,2,на,"И они там по той дороге . . . А жили одна на Кулиге , две на Кулиге и одна на Есинке , во называлась наша эта улица вот там за магазином",-
156,феврале,февраль,inan,masc,л',2,в,"Ну до этой , до февраля месяца . . . до февраля месяца она доскрипела , и в феврале она у меня померла",-
157,тракторе,трактор,inan,masc,р,2,на,"Так что два , - говорю , - таких - то лба на одном тракторе работают . Пусть они , разделите их . И вот всё",-
158,погрузчике,погрузчик,anim,masc,к,3,на,"И он на этом , на погрузчике , и он всё в сапогах",-
159,колхозе,колхоз,inan,masc,з,2,в,"И мне за счёт она не нужна , я в колхозе брать не буду",-
160,колхозе,колхоз,inan,masc,з,2,в,"Что вот нагрузишь , зайди , там запишут и в колхозе мне должны отдать , как это , осень начинается",-
161,тамбуре,тамбур,inan,masc,р,2,на,"Тогда уже вешаю замок на своём тамбуре , чтоб никто не брал , никто не воровал",-
162,доме,дом,inan,masc,м,1,в,"Не то что нищая , дети сделали в доме , пусть некрасиво , ну как . .",c
163,классе,класс,inan,masc,с,1,в,"Да я б сказала , девчата , еще девчонка моя была , может , в шестом классе или так - то , маленькая она еще была совсем да",-
164,классе,класс,inan,masc,с,1,в,"Не знаю , в каком она классе была , молоденькая , самая большая была у меня девочка",-
165,,отправить ,perf,tran, ,3,в,И меня в Калугу  отправили  на <вертолете,-
166,желудке,желудок,inan,masc,к,3,в,"Бросаю я детей и , а одёжа - что на коже , а кишки - что в желудке",-
167,начале,начало,inan,neut,л,2,в,"Она меня отвела , привела меня к бабке , это у бабки я была где - то , поколе туда - сюда , ну в полночь я саму пошла , где - то в начале пятого была у бабки у этой",-
168,Подбуже,подбуж,inan,masc,ж,2,в,"И ее задело , и она думала , что чи в Подбуж выписалась , в Подбуже в больнице она умерла , и схоронила я , и все",-
169,коридоре,коридор,inan,masc,р,3,в,"Поставила в коридоре , вышли , закрыли , больше мы уж в хату не занесли , всё",-
170,автобусе,автобус,inan,masc,с,3,на,"Вот тебе , а ездили крестить , на автобусе , поглядели на людях",-
171,кладбище,кладбище,inan,neut,щ',2,на,"И похороненый , он просился на кладбище , похоронили коло церкви , не разрешили , и все",-
172,кладбище,кладбище,inan,neut,щ',2,на,"Строил сам храм , а и он и говорил : "" Церкву , какая жизнь будет , разрушат , будешь под камнями валяться , а на кладбище , где все """,-
173,местечке,местечко,inan,neut,к,2,в,"Куда - нибудь льют , а где - нибудь , где собаки не бегают , в чистом местечке где - то в одном , все время так - то старались все в одно местушко выливать от детей",-
174,сраке,срак,anim,masc,к,1,в,И всё за ним в сраке < за ним и > ходили,-
175,доме,дом,inan,masc,м,1,в,"Пляс , скок стоит , там . О - ох , там скок в доме стоит . Это скачут , значит",c
176,дворе,двор,inan,masc,р,1,на,"Скот это ж - на дворе скот , скотина",-
177,пироге,пирог,inan,masc,г,2,в,"А в пироге да , в пироге есть слой . Слоёное тесто",-
178,пироге,пирог,inan,masc,г,2,в,"А в пироге да , в пироге есть слой . Слоёное тесто",-
179,доме,дом,inan,masc,м,1,в,"В доме ссора . Завелась , говорят , в доме ссора , вот сегодня бранятся , завтра бранятся , там , в семье , началась , говорят , завелась ссора",c
180,доме,дом,inan,masc,м,1,в,"В доме ссора . Завелась , говорят , в доме ссора , вот сегодня бранятся , завтра бранятся , там , в семье , началась , говорят , завелась ссора",c
181,доме,дом,inan,masc,м,1,в,"Ну сор это как , в доме не подметёно . Сор . И он и называется сор",c
182,деле,дело,inan,neut,л,1,в,"На них напали , а мы идём мимо , ну , вы думали небось , что я там ненормальная была на стогу , а теперь и ба . . . В самом деле , говорит , думали",-
183,столе,стол,inan,masc,л,1,на,"Или убери со стола , ужо там на столе там есть , всё . Убери со стола",-
184,столе,стол,inan,masc,л,1,на,"На столе что - то там лежит . Да вон на столе , возьми",-
185,столе,стол,inan,masc,л,1,на,"На столе что - то там лежит . Да вон на столе , возьми",-
186,доме,дом,inan,masc,м,1,на,"В субботу были на доме , помогали ей все",c
187,бревне,бревно,inan,neut,н,1,на,"Вот это , вот на этой самой бревне вот , ставятся стропила",-
188,доме,дом,inan,masc,м,1,в,"Помню , как крыли , крыли снопами . Помню вот эти , вот в том доме крыли , вот что как идём в мимо , то этой вот осокою вот этой во",c
189,князе,князь,anim,masc,з',1,на,На князе,-
190,посёлке,посёлок,inan,masc,к,3,на,"У меня это на посёлке у нас было , щепою дом крыли мы",-
191,посёлке,посёлок,inan,masc,к,3,на,"Да , у нас , у нас была хата дома , на посёлке это ужо",-
192,посёлке,посёлок,inan,masc,к,3,на,"После войны была соломой , потом мы покрыли на посёлке под щепу",-
193,дереве,дерево,inan,neut,в,2,на,"Ну , ветки , знаешь , и только так - то говорили у нас ещё : а на плохом дереве и суки не растут",-
194,дереве,дерево,inan,neut,в,2,на,"Да , сук , на дереве суки ещё есть",-
195,дереве,дерево,inan,neut,в,2,на,На плохом дереве и суки не растут,-
196,дереве,дерево,inan,neut,в,2,на,"Это если какой плохой человек , и что - йто у него не ведется там ничего , а на плохом дереве и суки не растут",-
197,укропе,укроп,inan,masc,п,2,на,"Укроп ужо , на укропе ужо зонтики появились",-
198,стульце,стулец,anim,masc,ц,2,на,"Вот , а тут под задницу , подстрыганая , сидит , она лёгонькая , сухонькая , а стоят на стульце они",-
199,потолке,потолок,inan,masc,к,3,на,"Там есть , а это у меня своя на потолке",-
200,сборе,сбор,inan,masc,р,1,в,"Прялка есть , стоит , полностью в сборе",-
201,сборе,сбор,inan,masc,р,1,в,"Прялка в этой , полностью в этой , в сборе , в сборе . Я пряла недавно",-
202,сборе,сбор,inan,masc,р,1,в,"Прялка в этой , полностью в этой , в сборе , в сборе . Я пряла недавно",-
203,рыге,рыг,inan,masc,г,1,на,"Ток . . . на рыге ? Ток , ну это где зерно",-
204,кладбище,кладбище,inan,neut,щ',2,на,А гробы - это несли каждый день на кладбище . Одни за одним . Маленькие,-
205,ребёнке,ребёнок,anim,masc,к,3,при,Сейчас - кто при ребёнке закурит ? Дай закурить ? Кто ? Или пылить ? Теперь . .,-
206,посёлке,посёлок,inan,masc,к,3,на,"И вот мы жили на посёлке , после войны , ох , выли там волки у нас",-
207,лахве,лахв,anim,masc,в,1,в,"Вот , ты как в лахве катаешся",-
208,хребте,хребет,inan,masc,т,2,на,"Ну может , там на хребте что и тащила , и он тягнулся , да и сбросил",-
209,стакане,стакан,inan,masc,н,2,в,"А если , можно , а если лежит оно в какой - нибудь , хоть у ставцу или в стакане , то можно назвать уже в солонке",-
210,кармане,карман,inan,masc,н,2,в,"А потом стой , говорю , у меня ещё в кармане , мы хоть конфеток положим , то ж не удобно , говорю",-
